Model,Accuracy,Precision,Recall,F1,ROC_AUC
Logistic Regression,0.8995555555555556,0.7890295358649789,0.748,0.7679671457905544,0.8454285714285714
Random Forest,0.9303333333333333,0.9016968987712113,0.7705,0.8309517390132111,0.87325
XGBoost,0.9354444444444444,0.8870703764320785,0.813,0.8484216018784242,0.8917142857142857
